Emocao,Train_Quantidade,Train_Percentual,Test_Quantidade,Test_Percentual
Angry,3995,13.91549688251071,958,13.346336026748398
Disgust,436,1.5186875195931588,111,1.5463917525773196
Fear,4097,14.270786164617366,1024,14.265812203956536
Happy,7215,25.13149186666202,1774,24.714405126776263
Neutral,4965,17.294228290779895,1233,17.17748676511563
Sad,4830,16.82399247622697,1247,17.3725271663416
Surprise,3171,11.045316799609878,831,11.577040958484258
