FER2013,RAF-DB
0.428355043926083,0.337014470677837
